{
  "H": {
    "number": 1,
    "name": "Водород",
    "latin": "Hydrogenium",
    "period_group": "1, 1",
    "atomic_mass": "1,00794 (7)",
    "density": 0.000084,
    "melt_temp": -259.1,
    "freeze_temp": -252.9,
    "year": 1766,
    "discoverer": "Кавендиш",
    "pronunciation": "Аш"
  },
  "He": {
    "number": 2,
    "name": "Гелий",
    "latin": "Helium",
    "period_group": "1, 18",
    "atomic_mass": "4,002602 (2)",
    "density": 0.00017,
    "melt_temp": -272.2,
    "freeze_temp": -268.9,
    "year": 1895,
    "discoverer": "Локьер, Жансен (в спектре Солнца), Рамзай (на Земле)",
    "pronunciation": "Гелий"
  },
  "Li": {
    "number": 3,
    "name": "Литий",
    "latin": "Lithium",
    "period_group": "2, 1",
    "atomic_mass": "6,941 (2)",
    "density": 0.53,
    "melt_temp": 180.5,
    "freeze_temp": 1317,
    "year": 1817,
    "discoverer": "Арфведсон",
    "pronunciation": "Литий"
  },
  "Be": {
    "number": 4,
    "name": "Бериллий",
    "latin": "Beryllium",
    "period_group": "2, 2",
    "atomic_mass": "9,012182 (3)",
    "density": 1.85,
    "melt_temp": 1278,
    "freeze_temp": 2970,
    "year": 1797,
    "discoverer": "Воклен",
    "pronunciation": "Бериллий"
  },
  "B": {
    "number": 5,
    "name": "Бор",
    "latin": "Borum",
    "period_group": "2, 13",
    "atomic_mass": "10,811 (7)",
    "density": 2.46,
    "melt_temp": 2300,
    "freeze_temp": 2550,
    "year": 1808,
    "discoverer": "Дэви и Гей-Люссак",
    "pronunciation": "Бор"
  },
  "C": {
    "number": 6,
    "name": "Углерод",
    "latin": "Carboneum",
    "period_group": "2, 14",
    "atomic_mass": "12,0107 (8)",
    "density": 3.51,
    "melt_temp": 3550,
    "freeze_temp": 4827,
    "year": "доисторический период",
    "discoverer": "неизвестен",
    "pronunciation": "Цэ"
  },
  "N": {
    "number": 7,
    "name": "Азот",
    "latin": "Nitrogenium",
    "period_group": "2, 15",
    "atomic_mass": "14,0067 (2)",
    "density": 0.00117,
    "melt_temp": -209.9,
    "freeze_temp": -195.8,
    "year": 1772,
    "discoverer": "Резерфорд",
    "pronunciation": "Эн"
  },
  "O": {
    "number": 8,
    "name": "Кислород",
    "latin": "Oxygenium",
    "period_group": "2, 16",
    "atomic_mass": "15,9994 (3)",
    "density": 0.00133,
    "melt_temp": -218.4,
    "freeze_temp": -182.9,
    "year": 1774,
    "discoverer": "Пристли и Шееле",
    "pronunciation": "О"
  },
  "F": {
    "number": 9,
    "name": "Фтор",
    "latin": "Fluorum",
    "period_group": "2, 17",
    "atomic_mass": "18,9984032 (5)",
    "density": 0.00158,
    "melt_temp": -219.6,
    "freeze_temp": -188.1,
    "year": 1886,
    "discoverer": "Муассан",
    "pronunciation": "Фтор"
  },
  "Ne": {
    "number": 10,
    "name": "Неон",
    "latin": "Neon",
    "period_group": "2, 18",
    "atomic_mass": "20,1797 (6)",
    "density": 0.00084,
    "melt_temp": -248.7,
    "freeze_temp": -246.1,
    "year": 1898,
    "discoverer": "Рамзай и Траверс",
    "pronunciation": "Неон"
  },
  "Na": {
    "number": 11,
    "name": "Натрий",
    "latin": "Natrium",
    "period_group": "3, 1",
    "atomic_mass": "22,98976928 (2)",
    "density": 0.97,
    "melt_temp": 97.8,
    "freeze_temp": 892,
    "year": 1807,
    "discoverer": "Дэви",
    "pronunciation": "Натрий"
  },
  "Mg": {
    "number": 12,
    "name": "Магний",
    "latin": "Magnesium",
    "period_group": "3, 2",
    "atomic_mass": "24,3050 (6)",
    "density": 1.74,
    "melt_temp": 648.8,
    "freeze_temp": 1107,
    "year": 1808,
    "discoverer": "Дэви",
    "pronunciation": "Магний"
  },
  "Al": {
    "number": 13,
    "name": "Алюминий",
    "latin": "Aluminium",
    "period_group": "3, 13",
    "atomic_mass": "26,9815386 (8)",
    "density": 2.70,
    "melt_temp": 660.5,
    "freeze_temp": 2467,
    "year": 1825,
    "discoverer": "Эрстед",
    "pronunciation": "Алюминий"
  },
  "Si": {
    "number": 14,
    "name": "Кремний",
    "latin": "Silicium",
    "period_group": "3, 14",
    "atomic_mass": "28,0855 (3)",
    "density": 2.33,
    "melt_temp": 1410,
    "freeze_temp": 2355,
    "year": 1824,
    "discoverer": "Берцелиус",
    "pronunciation": "Силициум"
  },
  "P": {
    "number": 15,
    "name": "Фосфор",
    "latin": "Phosphorus",
    "period_group": "3, 15",
    "atomic_mass": "30,973762 (2)",
    "density": 1.82,
    "melt_temp": 44,
    "freeze_temp": 280,
    "year": 1669,
    "discoverer": "Бранд",
    "pronunciation": "Пэ"
  },
  "S": {
    "number": 16,
    "name": "Сера",
    "latin": "Sulfur, Sulphur",
    "period_group": "3, 16",
    "atomic_mass": "32,065 (5)",
    "density": 2.06,
    "melt_temp": 113,
    "freeze_temp": 444.7,
    "year": "доисторический период",
    "discoverer": "неизвестен",
    "pronunciation": "Эс"
  },
  "Cl": {
    "number": 17,
    "name": "Хлор",
    "latin": "Chlorum",
    "period_group": "3, 17",
    "atomic_mass": "35,453 (2)",
    "density": 0.00295,
    "melt_temp": -101,
    "freeze_temp": -34.6,
    "year": 1774,
    "discoverer": "Шееле",
    "pronunciation": "Хлор"
  },
  "Ar": {
    "number": 18,
    "name": "Аргон",
    "latin": "Argon",
    "period_group": "3, 18",
    "atomic_mass": "39,948 (1)",
    "density": 0.00166,
    "melt_temp": -189.4,
    "freeze_temp": -185.9,
    "year": 1894,
    "discoverer": "Рамзай и Рэлей",
    "pronunciation": "Аргон"
  },
  "K": {
    "number": 19,
    "name": "Калий",
    "latin": "Kalium, Calium",
    "period_group": "4, 1",
    "atomic_mass": "39,0983 (1)",
    "density": 0.86,
    "melt_temp": 63.7,
    "freeze_temp": 774,
    "year": 1807,
    "discoverer": "Дэви",
    "pronunciation": "Калий"
  },
  "Ca": {
    "number": 20,
    "name": "Кальций",
    "latin": "Calcium",
    "period_group": "4, 2",
    "atomic_mass": "40,078 (4)",
    "density": 1.54,
    "melt_temp": 839,
    "freeze_temp": 1487,
    "year": 1808,
    "discoverer": "Дэви",
    "pronunciation": "Кальций"
  },
  "Sc": {
    "number": 21,
    "name": "Скандий",
    "latin": "Scandium",
    "period_group": "4, 3",
    "atomic_mass": "44,955912 (6)",
    "density": 2.99,
    "melt_temp": 1539,
    "freeze_temp": 2832,
    "year": 1879,
    "discoverer": "Нильсон",
    "pronunciation": "Скандий"
  },
  "Ti": {
    "number": 22,
    "name": "Титан",
    "latin": "Titanium",
    "period_group": "4, 4",
    "atomic_mass": "47,867 (1)",
    "density": 4.51,
    "melt_temp": 1660,
    "freeze_temp": 3260,
    "year": 1791,
    "discoverer": "Грегор и Клапрот",
    "pronunciation": "Титан"
  },
  "V": {
    "number": 23,
    "name": "Ванадий",
    "latin": "Vanadium",
    "period_group": "4, 5",
    "atomic_mass": "50,9415 (1)",
    "density": 6.09,
    "melt_temp": 1890,
    "freeze_temp": 3380,
    "year": 1801,
    "discoverer": "дель Рио",
    "pronunciation": "Ванадий"
  },
  "Cr": {
    "number": 24,
    "name": "Хром",
    "latin": "Chromium",
    "period_group": "4, 6",
    "atomic_mass": "51,9961 (6)",
    "density": 7.14,
    "melt_temp": 1857,
    "freeze_temp": 2482,
    "year": 1797,
    "discoverer": "Воклен",
    "pronunciation": "Хром"
  },
  "Mn": {
    "number": 25,
    "name": "Марганец",
    "latin": "Manganum, Manganesium",
    "period_group": "4, 7",
    "atomic_mass": "54,938045 (5)",
    "density": 7.44,
    "melt_temp": 1244,
    "freeze_temp": 2097,
    "year": 1774,
    "discoverer": "Ган",
    "pronunciation": "Марганец"
  },
  "Fe": {
    "number": 26,
    "name": "Железо",
    "latin": "Ferrum",
    "period_group": "4, 8",
    "atomic_mass": "55,845 (2)",
    "density": 7.87,
    "melt_temp": 1535,
    "freeze_temp": 2750,
    "year": "доисторический период",
    "discoverer": "неизвестен",
    "pronunciation": "Феррум"
  },
  "Co": {
    "number": 27,
    "name": "Кобальт",
    "latin": "Cobaltum",
    "period_group": "4, 9",
    "atomic_mass": "58,933195 (5)",
    "density": 8.89,
    "melt_temp": 1495,
    "freeze_temp": 2870,
    "year": 1735,
    "discoverer": "Брандт",
    "pronunciation": "Кобальт"
  },
  "Ni": {
    "number": 28,
    "name": "Никель",
    "latin": "Niccolum",
    "period_group": "4, 10",
    "atomic_mass": "58,6934 (2)",
    "density": 8.91,
    "melt_temp": 1453,
    "freeze_temp": 2732,
    "year": 1751,
    "discoverer": "Кронштедт",
    "pronunciation": "Никель"
  },
  "Cu": {
    "number": 29,
    "name": "Медь",
    "latin": "Cuprum",
    "period_group": "4, 11",
    "atomic_mass": "63,546 (3)",
    "density": 8.92,
    "melt_temp": 1083.5,
    "freeze_temp": 2595,
    "year": "доисторический период",
    "discoverer": "неизвестен",
    "pronunciation": "Купрум"
  },
  "Zn": {
    "number": 30,
    "name": "Цинк",
    "latin": "Zincum",
    "period_group": "4, 12",
    "atomic_mass": "65,409 (4)",
    "density": 7.14,
    "melt_temp": 419.6,
    "freeze_temp": 907,
    "year": "доисторический период",
    "discoverer": "неизвестен",
    "pronunciation": "Цинк"
  },
  "Ga": {
    "number": 31,
    "name": "Галлий",
    "latin": "Gallium",
    "period_group": "4, 13",
    "atomic_mass": "69,723 (1)",
    "density": 5.91,
    "melt_temp": 29.8,
    "freeze_temp": 2403,
    "year": 1875,
    "discoverer": "де Буабодран",
    "pronunciation": "Галлий"
  },
  "Ge": {
    "number": 32,
    "name": "Германий",
    "latin": "Germanium",
    "period_group": "4, 14",
    "atomic_mass": "72,64 (1)",
    "density": 5.32,
    "melt_temp": 937.4,
    "freeze_temp": 2830,
    "year": 1886,
    "discoverer": "Винклер",
    "pronunciation": "Германий"
  },
  "As": {
    "number": 33,
    "name": "Мышьяк",
    "latin": "Arsenicum",
    "period_group": "4, 15",
    "atomic_mass": "74,92160 (2)",
    "density": 5.72,
    "melt_temp": 613,
    "freeze_temp": 613,
    "year": 1250,
    "discoverer": "Альберт Великий",
    "pronunciation": "Арсеникум"
  },
  "Se": {
    "number": 34,
    "name": "Селен",
    "latin": "Selenium",
    "period_group": "4, 16",
    "atomic_mass": "78,96 (3)",
    "density": 4.82,
    "melt_temp": 217,
    "freeze_temp": 685,
    "year": 1817,
    "discoverer": "Берцелиус",
    "pronunciation": "Селен"
  },
  "Br": {
    "number": 35,
    "name": "Бром",
    "latin": "Bromum",
    "period_group": "4, 17",
    "atomic_mass": "79,904 (1)",
    "density": 3.14,
    "melt_temp": -7.3,
    "freeze_temp": 58.8,
    "year": 1826,
    "discoverer": "Балар",
    "pronunciation": "Бром"
  },
  "Kr": {
    "number": 36,
    "name": "Криптон",
    "latin": "Krypton, Crypton",
    "period_group": "4, 18",
    "atomic_mass": "83,798 (2)",
    "density": 0.00348,
    "melt_temp": -156.6,
    "freeze_temp": -152.3,
    "year": 1898,
    "discoverer": "Рамзай и Траверс",
    "pronunciation": "Криптон"
  },
  "Rb": {
    "number": 37,
    "name": "Рубидий",
    "latin": "Rubidium",
    "period_group": "5, 1",
    "atomic_mass": "85,4678 (3)",
    "density": 1.53,
    "melt_temp": 39,
    "freeze_temp": 688,
    "year": 1861,
    "discoverer": "Бунзен и Кирхгоф",
    "pronunciation": "Рубидий"
  },
  "Sr": {
    "number": 38,
    "name": "Стронций",
    "latin": "Strontium",
    "period_group": "5, 2",
    "atomic_mass": "87,62 (1)",
    "density": 2.63,
    "melt_temp": 769,
    "freeze_temp": 1384,
    "year": 1790,
    "discoverer": "Кроуфорд",
    "pronunciation": "Стронций"
  },
  "Y": {
    "number": 39,
    "name": "Иттрий",
    "latin": "Yttrium",
    "period_group": "5, 3",
    "atomic_mass": "88,90585 (2)",
    "density": 4.47,
    "melt_temp": 1523,
    "freeze_temp": 3337,
    "year": 1794,
    "discoverer": "Гадолин",
    "pronunciation": "Иттрий"
  },
  "Zr": {
    "number": 40,
    "name": "Цирконий",
    "latin": "Zirconium",
    "period_group": "5, 4",
    "atomic_mass": "91,224 (2)",
    "density": 6.51,
    "melt_temp": 1852,
    "freeze_temp": 4377,
    "year": 1789,
    "discoverer": "Клапрот",
    "pronunciation": "Цирконий"
  },
  "Nb": {
    "number": 41,
    "name": "Ниобий",
    "latin": "Niobium",
    "period_group": "5, 5",
    "atomic_mass": "92,90638 (2)",
    "density": 8.58,
    "melt_temp": 2468,
    "freeze_temp": 4927,
    "year": 1801,
    "discoverer": "Хэтчетт",
    "pronunciation": "Ниобий"
  },
  "Mo": {
    "number": 42,
    "name": "Молибден",
    "latin": "Molybdaenum",
    "period_group": "5, 6",
    "atomic_mass": "95,94 (2)",
    "density": 10.28,
    "melt_temp": 2617,
    "freeze_temp": 5560,
    "year": 1778,
    "discoverer": "Шееле",
    "pronunciation": "Молибден"
  },
  "Tc": {
    "number": 43,
    "name": "Технеций",
    "latin": "Technetium",
    "period_group": "5, 7",
    "atomic_mass": "[98,9063]",
    "density": 11.49,
    "melt_temp": 2172,
    "freeze_temp": 5030,
    "year": 1937,
    "discoverer": "Перрье и Сегре",
    "pronunciation": "Технеций"
  },
  "Ru": {
    "number": 44,
    "name": "Рутений",
    "latin": "Ruthenium",
    "period_group": "5, 8",
    "atomic_mass": "101,07 (2)",
    "density": 12.45,
    "melt_temp": 2310,
    "freeze_temp": 3900,
    "year": 1844,
    "discoverer": "Клаус",
    "pronunciation": "Рутений"
  },
  "Rh": {
    "number": 45,
    "name": "Родий",
    "latin": "Rhodium",
    "period_group": "5, 9",
    "atomic_mass": "102,90550 (2)",
    "density": 12.41,
    "melt_temp": 1966,
    "freeze_temp": 3727,
    "year": 1803,
    "discoverer": "Волластон",
    "pronunciation": "Родий"
  },
  "Pd": {
    "number": 46,
    "name": "Палладий",
    "latin": "Palladium",
    "period_group": "5, 10",
    "atomic_mass": "106,42 (1)",
    "density": 12.02,
    "melt_temp": 1552,
    "freeze_temp": 3140,
    "year": 1803,
    "discoverer": "Волластон",
    "pronunciation": "Палладий"
  },
  "Ag": {
    "number": 47,
    "name": "Серебро",
    "latin": "Argentum",
    "period_group": "5, 11",
    "atomic_mass": "107,8682 (2)",
    "density": 10.49,
    "melt_temp": 961.9,
    "freeze_temp": 2212,
    "year": "доисторический период",
    "discoverer": "неизвестен",
    "pronunciation": "Аргентум"
  },
  "Cd": {
    "number": 48,
    "name": "Кадмий",
    "latin": "Cadmium",
    "period_group": "5, 12",
    "atomic_mass": "112,411 (8)",
    "density": 8.64,
    "melt_temp": 321,
    "freeze_temp": 765,
    "year": 1817,
    "discoverer": "Штромейер",
    "pronunciation": "Кадмий"
  },
  "In": {
    "number": 49,
    "name": "Индий",
    "latin": "Indium",
    "period_group": "5, 13",
    "atomic_mass": "114,818 (3)",
    "density": 7.31,
    "melt_temp": 156.2,
    "freeze_temp": 2080,
    "year": 1863,
    "discoverer": "Райх и Рихтер",
    "pronunciation": "Индий"
  },
  "Sn": {
    "number": 50,
    "name": "Олово",
    "latin": "Stannum",
    "period_group": "5, 14",
    "atomic_mass": "118,710 (7)",
    "density": 7.29,
    "melt_temp": 232,
    "freeze_temp": 2270,
    "year": "доисторический период",
    "discoverer": "неизвестен",
    "pronunciation": "Станнум"
  },
  "Sb": {
    "number": 51,
    "name": "Сурьма",
    "latin": "Stibium",
    "period_group": "5, 15",
    "atomic_mass": "121,760 (1)",
    "density": 6.69,
    "melt_temp": 630.7,
    "freeze_temp": 1750,
    "year": "доисторический период",
    "discoverer": "неизвестен",
    "pronunciation": "Стибиум"
  },
  "Te": {
    "number": 52,
    "name": "Теллур",
    "latin": "Tellurium",
    "period_group": "5, 16",
    "atomic_mass": "127,60 (3)",
    "density": 6.25,
    "melt_temp": 449.6,
    "freeze_temp": 990,
    "year": 1782,
    "discoverer": "фон Райхенштайн",
    "pronunciation": "Теллур"
  },
  "I": {
    "number": 53,
    "name": "Иод",
    "latin": "Iodium, Jodium",
    "period_group": "5, 17",
    "atomic_mass": "126,90447 (3)",
    "density": 4.94,
    "melt_temp": 113.5,
    "freeze_temp": 184.4,
    "year": 1811,
    "discoverer": "Куртуа",
    "pronunciation": "Йод"
  },
  "Xe": {
    "number": 54,
    "name": "Ксенон",
    "latin": "Xenon",
    "period_group": "5, 18",
    "atomic_mass": "131,293 (6)",
    "density": 0.00449,
    "melt_temp": -111.9,
    "freeze_temp": -107,
    "year": 1898,
    "discoverer": "Рамзай и Траверс",
    "pronunciation": "Ксенон"
  },
  "Cs": {
    "number": 55,
    "name": "Цезий",
    "latin": "Caesium",
    "period_group": "6, 1",
    "atomic_mass": "132,9054519 (2)",
    "density": 1.90,
    "melt_temp": 28.4,
    "freeze_temp": 690,
    "year": 1860,
    "discoverer": "Бунзен и Кирхгоф",
    "pronunciation": "Цезий"
  },
  "Ba": {
    "number": 56,
    "name": "Барий",
    "latin": "Barium",
    "period_group": "6, 2",
    "atomic_mass": "137,327 (7)",
    "density": 3.65,
    "melt_temp": 725,
    "freeze_temp": 1640,
    "year": 1808,
    "discoverer": "Дэви",
    "pronunciation": "Барий"
  },
  "La": {
    "number": 57,
    "name": "Лантан",
    "latin": "Lanthanum",
    "period_group": "6",
    "atomic_mass": "138,90547 (7)",
    "density": 6.16,
    "melt_temp": 920,
    "freeze_temp": 3454,
    "year": 1839,
    "discoverer": "Мосандер",
    "pronunciation": "Лантан"
  },
  "Ce": {
    "number": 58,
    "name": "Церий",
    "latin": "Cerium",
    "period_group": "6",
    "atomic_mass": "140,116 (1)",
    "density": 6.77,
    "melt_temp": 798,
    "freeze_temp": 3257,
    "year": 1803,
    "discoverer": "фон Хисингер и Берцелиус",
    "pronunciation": "Церий"
  },
  "Pr": {
    "number": 59,
    "name": "Празеодим",
    "latin": "Praseodymium",
    "period_group": "6",
    "atomic_mass": "140,90765 (2)",
    "density": 6.48,
    "melt_temp": 931,
    "freeze_temp": 3212,
    "year": 1895,
    "discoverer": "Ауэр фон Вельсбах",
    "pronunciation": "Празеодим"
  },
  "Nd": {
    "number": 60,
    "name": "Неодим",
    "latin": "Neodymium",
    "period_group": "6",
    "atomic_mass": "144,242 (3)",
    "density": 7.00,
    "melt_temp": 1010,
    "freeze_temp": 3127,
    "year": 1895,
    "discoverer": "Ауэр фон Вельсбах",
    "pronunciation": "Неодим"
  },
  "Pm": {
    "number": 61,
    "name": "Прометий",
    "latin": "Promethium",
    "period_group": "6",
    "atomic_mass": "[146,9151]",
    "density": 7.22,
    "melt_temp": 1080,
    "freeze_temp": 2730,
    "year": 1945,
    "discoverer": "Маринский и Гленденин",
    "pronunciation": "Прометий"
  },
  "Sm": {
    "number": 62,
    "name": "Самарий",
    "latin": "Samarium",
    "period_group": "6",
    "atomic_mass": "150,36 (2)",
    "density": 7.54,
    "melt_temp": 1072,
    "freeze_temp": 1778,
    "year": 1879,
    "discoverer": "де Буабодран",
    "pronunciation": "Самарий"
  },
  "Eu": {
    "number": 63,
    "name": "Европий",
    "latin": "Europium",
    "period_group": "6",
    "atomic_mass": "151,964 (1)",
    "density": 5.25,
    "melt_temp": 822,
    "freeze_temp": 1597,
    "year": 1901,
    "discoverer": "Демарсе",
    "pronunciation": "Европий"
  },
  "Gd": {
    "number": 64,
    "name": "Гадолиний",
    "latin": "Gadolinium",
    "period_group": "6",
    "atomic_mass": "157,25 (3)",
    "density": 7.89,
    "melt_temp": 1311,
    "freeze_temp": 3233,
    "year": 1880,
    "discoverer": "де Мариньяк",
    "pronunciation": "Гадолиний"
  },
  "Tb": {
    "number": 65,
    "name": "Тербий",
    "latin": "Terbium",
    "period_group": "6",
    "atomic_mass": "158,92535 (2)",
    "density": 8.25,
    "melt_temp": 1360,
    "freeze_temp": 3041,
    "year": 1843,
    "discoverer": "Мосандер",
    "pronunciation": "Тербий"
  },
  "Dy": {
    "number": 66,
    "name": "Диспрозий",
    "latin": "Dysprosium",
    "period_group": "6",
    "atomic_mass": "162,500 (1)",
    "density": 8.56,
    "melt_temp": 1409,
    "freeze_temp": 2335,
    "year": 1886,
    "discoverer": "де Буабодран",
    "pronunciation": "Диспрозий"
  },
  "Ho": {
    "number": 67,
    "name": "Гольмий",
    "latin": "Holmium",
    "period_group": "6",
    "atomic_mass": "164,93032 (2)",
    "density": 8.78,
    "melt_temp": 1470,
    "freeze_temp": 2720,
    "year": 1878,
    "discoverer": "Соре",
    "pronunciation": "Гольмий"
  },
  "Er": {
    "number": 68,
    "name": "Эрбий",
    "latin": "Erbium",
    "period_group": "6",
    "atomic_mass": "167,259 (3)",
    "density": 9.05,
    "melt_temp": 1522,
    "freeze_temp": 2510,
    "year": 1842,
    "discoverer": "Мосандер",
    "pronunciation": "Эрбий"
  },
  "Tm": {
    "number": 69,
    "name": "Тулий",
    "latin": "Thulium",
    "period_group": "6",
    "atomic_mass": "168,93421 (2)",
    "density": 9.32,
    "melt_temp": 1545,
    "freeze_temp": 1727,
    "year": 1879,
    "discoverer": "Клеве",
    "pronunciation": "Тулий"
  },
  "Yb": {
    "number": 70,
    "name": "Иттербий",
    "latin": "Ytterbium",
    "period_group": "6",
    "atomic_mass": "173,04 (3)",
    "density": 6.97,
    "melt_temp": 824,
    "freeze_temp": 1193,
    "year": 1878,
    "discoverer": "де Мариньяк",
    "pronunciation": "Иттербий"
  },
  "Lu": {
    "number": 71,
    "name": "Лютеций",
    "latin": "Lutetium",
    "period_group": "6, 3",
    "atomic_mass": "174,967 (1)",
    "density": 9.84,
    "melt_temp": 1656,
    "freeze_temp": 3315,
    "year": 1907,
    "discoverer": "Урбэн",
    "pronunciation": "Лютеций"
  },
  "Hf": {
    "number": 72,
    "name": "Гафний",
    "latin": "Hafnium",
    "period_group": "6, 4",
    "atomic_mass": "178,49 (2)",
    "density": 13.31,
    "melt_temp": 2150,
    "freeze_temp": 5400,
    "year": 1923,
    "discoverer": "Костер и де Хевеши",
    "pronunciation": "Гафний"
  },
  "Ta": {
    "number": 73,
    "name": "Тантал",
    "latin": "Tantalum",
    "period_group": "6, 5",
    "atomic_mass": "180,9479 (1)",
    "density": 16.68,
    "melt_temp": 2996,
    "freeze_temp": 5425,
    "year": 1802,
    "discoverer": "Экеберг",
    "pronunciation": "Тантал"
  },
  "W": {
    "number": 74,
    "name": "Вольфрам",
    "latin": "Wolframium",
    "period_group": "6, 6",
    "atomic_mass": "183,84 (1)",
    "density": 19.26,
    "melt_temp": 3407,
    "freeze_temp": 5927,
    "year": 1783,
    "discoverer": "Элюяр",
    "pronunciation": "Вольфрам"
  },
  "Re": {
    "number": 75,
    "name": "Рений",
    "latin": "Rhenium",
    "period_group": "6, 7",
    "atomic_mass": "186,207 (1)",
    "density": 21.03,
    "melt_temp": 3180,
    "freeze_temp": 5873,
    "year": 1925,
    "discoverer": "Ноддак, Такке и Берг",
    "pronunciation": "Рений"
  },
  "Os": {
    "number": 76,
    "name": "Осмий",
    "latin": "Osmium",
    "period_group": "6, 8",
    "atomic_mass": "190,23 (3)",
    "density": 22.61,
    "melt_temp": 3045,
    "freeze_temp": 5027,
    "year": 1803,
    "discoverer": "Теннант",
    "pronunciation": "Осмий"
  },
  "Ir": {
    "number": 77,
    "name": "Иридий",
    "latin": "Iridium",
    "period_group": "6, 9",
    "atomic_mass": "192,217 (3)",
    "density": 22.65,
    "melt_temp": 2410,
    "freeze_temp": 4130,
    "year": 1803,
    "discoverer": "Теннант",
    "pronunciation": "Иридий"
  },
  "Pt": {
    "number": 78,
    "name": "Платина",
    "latin": "Platinum",
    "period_group": "6, 10",
    "atomic_mass": "195,084 (9)",
    "density": 21.45,
    "melt_temp": 1772,
    "freeze_temp": 3827,
    "year": 1557,
    "discoverer": "Скалигер",
    "pronunciation": "Платина"
  },
  "Au": {
    "number": 79,
    "name": "Золото",
    "latin": "Aurum",
    "period_group": "6, 11",
    "atomic_mass": "196,966569 (4)",
    "density": 19.32,
    "melt_temp": 1064.4,
    "freeze_temp": 2940,
    "year": "доисторический период",
    "discoverer": "неизвестен",
    "pronunciation": "Аурум"
  },
  "Hg": {
    "number": 80,
    "name": "Ртуть",
    "latin": "Hydrargyrum",
    "period_group": "6, 12",
    "atomic_mass": "200,59 (2)",
    "density": 13.55,
    "melt_temp": -38.9,
    "freeze_temp": 356.6,
    "year": "доисторический период",
    "discoverer": "неизвестен",
    "pronunciation": "Гидраргирум"
  },
  "Tl": {
    "number": 81,
    "name": "Таллий",
    "latin": "Thallium",
    "period_group": "6, 13",
    "atomic_mass": "204,3833 (2)",
    "density": 11.85,
    "melt_temp": 303.6,
    "freeze_temp": 1457,
    "year": 1861,
    "discoverer": "Крукс",
    "pronunciation": "Таллий"
  },
  "Pb": {
    "number": 82,
    "name": "Свинец",
    "latin": "Plumbum",
    "period_group": "6, 14",
    "atomic_mass": "207,2 (1)",
    "density": 11.34,
    "melt_temp": 327.5,
    "freeze_temp": 1740,
    "year": "доисторический период",
    "discoverer": "неизвестен",
    "pronunciation": "Плюмбум"
  },
  "Bi": {
    "number": 83,
    "name": "Висмут",
    "latin": "Bismuthum",
    "period_group": "6, 15",
    "atomic_mass": "208,98040 (1)",
    "density": 9.80,
    "melt_temp": 271.4,
    "freeze_temp": 1560,
    "year": 1753,
    "discoverer": "Жоффруа",
    "pronunciation": "Висмут (до середины 20 века - Бисмут)"
  },
  "Po": {
    "number": 84,
    "name": "Полоний",
    "latin": "Polonium",
    "period_group": "6, 16",
    "atomic_mass": "[208,9824]",
    "density": 9.20,
    "melt_temp": 254,
    "freeze_temp": 962,
    "year": 1898,
    "discoverer": "Мария и Пьер Кюри",
    "pronunciation": "Полоний"
  },
  "At": {
    "number": 85,
    "name": "Астат",
    "latin": "Astatum",
    "period_group": "6, 17",
    "atomic_mass": "[209,9871]",
    "melt_temp": 302,
    "freeze_temp": 337,
    "year": 1940,
    "discoverer": "Д.Р. Корсон, К. Р. Маккензи и Э. Сегре",
    "pronunciation": "Астат"
  },
  "Rn": {
    "number": 86,
    "name": "Радон",
    "latin": "Radon",
    "period_group": "6, 18",
    "atomic_mass": "[222,0176]",
    "density": 0.00923,
    "melt_temp": -71,
    "freeze_temp": -61.8,
    "year": 1900,
    "discoverer": "Дорн",
    "pronunciation": "Радон"
  },
  "Fr": {
    "number": 87,
    "name": "Франций",
    "latin": "Francium",
    "period_group": "7, 1",
    "atomic_mass": "[223,0197]",
    "density": 1.87,
    "melt_temp": 27,
    "freeze_temp": 677,
    "year": 1939,
    "discoverer": "Перей",
    "pronunciation": "Франций"
  },
  "Ra": {
    "number": 88,
    "name": "Радий",
    "latin": "Radium",
    "period_group": "7, 2",
    "atomic_mass": "[226,0254]",
    "density": 5.50,
    "melt_temp": 700,
    "freeze_temp": 1140,
    "year": 1898,
    "discoverer": "Мария и Пьер Кюри",
    "pronunciation": "Радий"
  },
  "Ac": {
    "number": 89,
    "name": "Актиний",
    "latin": "Actinium",
    "period_group": "7",
    "atomic_mass": "[227,0278]",
    "density": 10.07,
    "melt_temp": 1047,
    "freeze_temp": 3197,
    "year": 1899,
    "discoverer": "Дебьерн",
    "pronunciation": "Актиний"
  },
  "Th": {
    "number": 90,
    "name": "Торий",
    "latin": "Thorium",
    "period_group": "7",
    "atomic_mass": "232,03806 (2)",
    "density": 11.72,
    "melt_temp": 1750,
    "freeze_temp": 4787,
    "year": 1829,
    "discoverer": "Берцелиус",
    "pronunciation": "Торий"
  },
  "Pa": {
    "number": 91,
    "name": "Протактиний",
    "latin": "Protactinium",
    "period_group": "7",
    "atomic_mass": "231,03588 (2)",
    "density": 15.37,
    "melt_temp": 1554,
    "freeze_temp": 4030,
    "year": 1917,
    "discoverer": "Содди, Кранстон и Ган",
    "pronunciation": "Протактиний"
  },
  "U": {
    "number": 92,
    "name": "Уран",
    "latin": "Uranium",
    "period_group": "7",
    "atomic_mass": "238,02891 (3)",
    "density": 18.97,
    "melt_temp": 1132.4,
    "freeze_temp": 3818,
    "year": 1789,
    "discoverer": "Клапрот",
    "pronunciation": "Уран"
  },
  "Np": {
    "number": 93,
    "name": "Нептуний",
    "latin": "Neptunium",
    "period_group": "7",
    "atomic_mass": "[237,0482]",
    "density": 20.48,
    "melt_temp": 640,
    "freeze_temp": 3902,
    "year": 1940,
    "discoverer": "Макмиллан и Абелсон",
    "pronunciation": "Нептуний"
  },
  "Pu": {
    "number": 94,
    "name": "Плутоний",
    "latin": "Plutonium",
    "period_group": "7",
    "atomic_mass": "[244,0642]",
    "density": 19.74,
    "melt_temp": 641,
    "freeze_temp": 3327,
    "year": 1940,
    "discoverer": "Сиборг",
    "pronunciation": "Плутоний"
  },
  "Am": {
    "number": 95,
    "name": "Америций",
    "latin": "Americium",
    "period_group": "7",
    "atomic_mass": "[243,0614]",
    "density": 13.67,
    "melt_temp": 994,
    "freeze_temp": 2607,
    "year": 1944,
    "discoverer": "Сиборг",
    "pronunciation": "Америций"
  },
  "Cm": {
    "number": 96,
    "name": "Кюрий",
    "latin": "Curium",
    "period_group": "7",
    "atomic_mass": "[247,0703]",
    "density": 13.51,
    "melt_temp": 1340,
    "year": 1944,
    "discoverer": "Сиборг",
    "pronunciation": "Кюрий"
  },
  "Bk": {
    "number": 97,
    "name": "Берклий",
    "latin": "Berkelium",
    "period_group": "7",
    "atomic_mass": "[247,0703]",
    "density": 13.25,
    "melt_temp": 986,
    "year": 1949,
    "discoverer": "Сиборг",
    "pronunciation": "Берклий"
  },
  "Cf": {
    "number": 98,
    "name": "Калифорний",
    "latin": "Californium",
    "period_group": "7",
    "atomic_mass": "[251,0796]",
    "density": 15.1,
    "melt_temp": 900,
    "year": 1950,
    "discoverer": "Сиборг",
    "pronunciation": "Калифорний"
  },
  "Es": {
    "number": 99,
    "name": "Эйнштейний",
    "latin": "Einsteinium",
    "period_group": "7",
    "atomic_mass": "[252,0829]",
    "density": 13.5,
    "melt_temp": 860,
    "year": 1952,
    "discoverer": "Сиборг",
    "pronunciation": "Эйнштейний"
  },
  "Fm": {
    "number": 100,
    "name": "Фермий",
    "latin": "Fermium",
    "period_group": "7",
    "atomic_mass": "[257,0951]",
    "year": 1952,
    "discoverer": "Сиборг",
    "pronunciation": "Фермий"
  },
  "Md": {
    "number": 101,
    "name": "Менделевий",
    "latin": "Mendelevium,Mendeleevium",
    "period_group": "7",
    "atomic_mass": "[258,0986]",
    "year": 1955,
    "discoverer": "Сиборг",
    "pronunciation": "Менделевий"
  },
  "No": {
    "number": 102,
    "name": "Нобелий",
    "latin": "Nobelium",
    "period_group": "7",
    "atomic_mass": "[259,1009]",
    "year": 1958,
    "discoverer": "Сиборг",
    "pronunciation": "Нобелий"
  },
  "Lr": {
    "number": 103,
    "name": "Лоуренсий",
    "latin": "Lawrencium,Laurentium",
    "period_group": "7, 3",
    "atomic_mass": "[262]",
    "year": 1961,
    "discoverer": "Гиорсо",
    "pronunciation": "Лоуренсий"
  },
  "Rf": {
    "number": 104,
    "name": "Резерфордий",
    "latin": "Rutherfordium",
    "period_group": "7, 4",
    "atomic_mass": "[267]",
    "density": 23,
    "year": "1964/69",
    "discoverer": "Флёров",
    "pronunciation": "Резерфордий"
  },
  "Db": {
    "number": 105,
    "name": "Дубний",
    "latin": "Dubnium",
    "period_group": "7, 5",
    "atomic_mass": "[268]",
    "density": 29,
    "year": "1968/70",
    "discoverer": "Флёров",
    "pronunciation": "Дубний"
  },
  "Sg": {
    "number": 106,
    "name": "Сиборгий",
    "latin": "Seaborgium",
    "period_group": "7, 6",
    "atomic_mass": "[271]",
    "density": 35,
    "year": 1974,
    "discoverer": "Флёров",
    "pronunciation": "Сиборгий"
  },
  "Bh": {
    "number": 107,
    "name": "Борий",
    "latin": "Bohrium",
    "period_group": "7, 7",
    "atomic_mass": "[270]",
    "density": 37,
    "year": 1976,
    "discoverer": "Оганесян",
    "pronunciation": "Борий"
  },
  "Hs": {
    "number": 108,
    "name": "Хассий",
    "latin": "Hassium",
    "period_group": "7, 8",
    "atomic_mass": "[269]",
    "year": 1984,
    "discoverer": "GSI (*)",
    "pronunciation": "Гассий"
  },
  "Mt": {
    "number": 109,
    "name": "Мейтнерий",
    "latin": "Meitnerium",
    "period_group": "7, 9",
    "atomic_mass": "[278]",
    "density": 37.4,
    "year": 1982,
    "discoverer": "GSI",
    "pronunciation": "Мейтнерий"
  },
  "Ds": {
    "number": 110,
    "name": "Дармштадтий",
    "latin": "Darmstadtium",
    "period_group": "7, 10",
    "atomic_mass": "[281]",
    "year": 1994,
    "discoverer": "GSI",
    "pronunciation": "Дармштадтий"
  },
  "Rg": {
    "number": 111,
    "name": "Рентгений",
    "latin": "Roentgenium",
    "period_group": "7, 11",
    "atomic_mass": "[281]",
    "year": 1994,
    "discoverer": "GSI",
    "pronunciation": "Рентгений"
  },
  "Cn": {
    "number": 112,
    "name": "Коперниций",
    "latin": "Copernicium",
    "period_group": "7, 12",
    "atomic_mass": "[285]",
    "year": 1996,
    "discoverer": "GSI",
    "pronunciation": "Коперниций"
  },
  "Uut": {
    "number": 113,
    "name": "Унунтрий",
    "latin": "",
    "period_group": "7, 13",
    "atomic_mass": "[284]",
    "year": 2004,
    "discoverer": "ОИЯИ (*), LLNL (*)",
    "pronunciation": ""
  },
  "Fl": {
    "number": 114,
    "name": "Флеровий",
    "latin": "Flerovium",
    "period_group": "7, 14",
    "atomic_mass": "[289]",
    "year": 1999,
    "discoverer": "ОИЯИ",
    "pronunciation": ""
  },
  "Uup": {
    "number": 115,
    "name": "Унунпентий",
    "latin": "Ununpentium",
    "period_group": "7, 15",
    "atomic_mass": "[289]",
    "year": 2004,
    "discoverer": "ОИЯИ, LLNL",
    "pronunciation": ""
  },
  "Lv": {
    "number": 116,
    "name": "Ливерморий",
    "latin": "Livermorium",
    "period_group": "7, 16",
    "atomic_mass": "[292]",
    "year": 2000,
    "discoverer": "ОИЯИ, LLNL",
    "pronunciation": ""
  },
  "Uus": {
    "number": 117,
    "name": "Унунсептий",
    "latin": "Ununseptium",
    "period_group": "7, 17",
    "atomic_mass": "[294]",
    "year": 2010,
    "discoverer": "ОИЯИ",
    "pronunciation": ""
  },
  "Uuo": {
    "number": 1118,
    "name": "Унуноктий",
    "latin": "Ununoctium",
    "period_group": "7, 18",
    "atomic_mass": "[294]",
    "year": 2004,
    "discoverer": "ОИЯИ",
    "pronunciation": ""
  }
}

// (с) Хороший Программист
// Все права защищены.